date,amount,direction,description,counterparty,category,account,txn_id,balance
2022-01-01,802,credit,Daily Sales Deposit,,Sales Revenue,Checking Account,TX00001,15802
2022-01-02,970,credit,Daily Sales Deposit,,Sales Revenue,Checking Account,TX00002,16772
2022-01-03,888,credit,Daily Sales Deposit,,Sales Revenue,Checking Account,TX00003,17660
2022-01-04,821,credit,Daily Sales Deposit,,Sales Revenue,Checking Account,TX00004,18481
2022-01-04,430,debit,Utility Bill Payment,,Operating Expense,Checking Account,TX00005,18051
2022-01-05,787,credit,Daily Sales Deposit,,Sales Revenue,Checking Account,TX00006,18838
2022-01-06,1059,credit,Daily Sales Deposit,,Sales Revenue,Checking Account,TX00007,19897
2022-01-07,849,credit,Daily Sales Deposit,,Sales Revenue,Checking Account,TX00008,20746
2022-01-07,443,debit,Rent Payment,,Operating Expense,Checking Account,TX00009,20303
2022-01-08,1113,credit,Daily Sales Deposit,,Sales Revenue,Checking Account,TX00010,21416
2022-01-09,891,credit,Daily Sales Deposit,,Sales Revenue,Checking Account,TX00011,22307
2022-01-10,860,credit,Daily Sales Deposit,,Sales Revenue,Checking Account,TX00012,23167
2022-01-11,721,credit,Daily Sales Deposit,,Sales Revenue,Checking Account,TX00013,23888
2022-01-11,444,debit,Bakery Payment,,COGS,Checking Account,TX00014,23444
2022-01-12,1174,credit,Daily Sales Deposit,,Sales Revenue,Checking Account,TX00015,24618
2022-01-13,869,credit,Daily Sales Deposit,,Sales Revenue,Checking Account,TX00016,25487
2022-01-13,287,debit,Utility Bill Payment,,Operating Expense,Checking Account,TX00017,25200
2022-01-14,1063,credit,Daily Sales Deposit,,Sales Revenue,Checking Account,TX00018,26263
2022-01-15,1019,credit,Daily Sales Deposit,,Sales Revenue,Checking Account,TX00019,27282
2022-01-16,1184,credit,Daily Sales Deposit,,Sales Revenue,Checking Account,TX00020,28466
2022-01-17,720,credit,Daily Sales Deposit,,Sales Revenue,Checking Account,TX00021,29186
2022-01-18,973,credit,Daily Sales Deposit,,Sales Revenue,Checking Account,TX00022,30159
2022-01-19,1015,credit,Daily Sales Deposit,,Sales Revenue,Checking Account,TX00023,31174
2022-01-20,964,credit,Daily Sales Deposit,,Sales Revenue,Checking Account,TX00024,32138
2022-01-20,485,debit,Rent Payment,,Operating Expense,Checking Account,TX00025,31653
2022-01-21,791,credit,Daily Sales Deposit,,Sales Revenue,Checking Account,TX00026,32444
2022-01-22,1154,credit,Daily Sales Deposit,,Sales Revenue,Checking Account,TX00027,33598
2022-01-23,963,credit,Daily Sales Deposit,,Sales Revenue,Checking Account,TX00028,34561
2022-01-23,305,debit,Bakery Payment,,COGS,Checking Account,TX00029,34256
2022-01-24,1119,credit,Daily Sales Deposit,,Sales Revenue,Checking Account,TX00030,35375
2022-01-24,487,debit,Coffee Supplier Payment,,COGS,Checking Account,TX00031,34888
2022-01-25,1089,credit,Daily Sales Deposit,,Sales Revenue,Checking Account,TX00032,35977
2022-01-26,959,credit,Daily Sales Deposit,,Sales Revenue,Checking Account,TX00033,36936
2022-01-26,290,debit,Coffee Supplier Payment,,COGS,Checking Account,TX00034,36646
2022-01-27,917,credit,Daily Sales Deposit,,Sales Revenue,Checking Account,TX00035,37563
2022-01-28,901,credit,Daily Sales Deposit,,Sales Revenue,Checking Account,TX00036,38464
2022-01-29,969,credit,Daily Sales Deposit,,Sales Revenue,Checking Account,TX00037,39433
2022-01-30,970,credit,Daily Sales Deposit,,Sales Revenue,Checking Account,TX00038,40403
2022-01-30,314,debit,Rent Payment,,Operating Expense,Checking Account,TX00039,40089
2022-01-31,889,credit,Daily Sales Deposit,,Sales Revenue,Checking Account,TX00040,40978
2022-02-01,907,credit,Daily Sales Deposit,,Sales Revenue,Checking Account,TX00041,41885
2022-02-02,1066,credit,Daily Sales Deposit,,Sales Revenue,Checking Account,TX00042,42951
2022-02-03,1109,credit,Daily Sales Deposit,,Sales Revenue,Checking Account,TX00043,44060
2022-02-04,887,credit,Daily Sales Deposit,,Sales Revenue,Checking Account,TX00044,44947
2022-02-05,740,credit,Daily Sales Deposit,,Sales Revenue,Checking Account,TX00045,45687
2022-02-06,1000,credit,Daily Sales Deposit,,Sales Revenue,Checking Account,TX00046,46687
2022-02-06,426,debit,Bakery Payment,,COGS,Checking Account,TX00047,46261
2022-02-07,1043,credit,Daily Sales Deposit,,Sales Revenue,Checking Account,TX00048,47304
2022-02-08,835,credit,Daily Sales Deposit,,Sales Revenue,Checking Account,TX00049,48139
2022-02-08,238,debit,Utility Bill Payment,,Operating Expense,Checking Account,TX00050,47901
2022-02-09,780,credit,Daily Sales Deposit,,Sales Revenue,Checking Account,TX00051,48681
2022-02-10,1118,credit,Daily Sales Deposit,,Sales Revenue,Checking Account,TX00052,49799
2022-02-11,960,credit,Daily Sales Deposit,,Sales Revenue,Checking Account,TX00053,50759
2022-02-12,740,credit,Daily Sales Deposit,,Sales Revenue,Checking Account,TX00054,51499
2022-02-13,900,credit,Daily Sales Deposit,,Sales Revenue,Checking Account,TX00055,52399
2022-02-14,1117,credit,Daily Sales Deposit,,Sales Revenue,Checking Account,TX00056,53516
2022-02-14,161,debit,Maintenance Payment,,Operating Expense,Checking Account,TX00057,53355
2022-02-15,798,credit,Daily Sales Deposit,,Sales Revenue,Checking Account,TX00058,54153
2022-02-16,913,credit,Daily Sales Deposit,,Sales Revenue,Checking Account,TX00059,55066
2022-02-17,1148,credit,Daily Sales Deposit,,Sales Revenue,Checking Account,TX00060,56214
2022-02-18,1130,credit,Daily Sales Deposit,,Sales Revenue,Checking Account,TX00061,57344
2022-02-19,956,credit,Daily Sales Deposit,,Sales Revenue,Checking Account,TX00062,58300
2022-02-20,954,credit,Daily Sales Deposit,,Sales Revenue,Checking Account,TX00063,59254
2022-02-21,982,credit,Daily Sales Deposit,,Sales Revenue,Checking Account,TX00064,60236
2022-02-22,714,credit,Daily Sales Deposit,,Sales Revenue,Checking Account,TX00065,60950
2022-02-22,479,debit,Maintenance Payment,,Operating Expense,Checking Account,TX00066,60471
2022-02-23,878,credit,Daily Sales Deposit,,Sales Revenue,Checking Account,TX00067,61349
2022-02-23,330,debit,Bakery Payment,,COGS,Checking Account,TX00068,61019
2022-02-24,751,credit,Daily Sales Deposit,,Sales Revenue,Checking Account,TX00069,61770
2022-02-25,1087,credit,Daily Sales Deposit,,Sales Revenue,Checking Account,TX00070,62857
2022-02-26,1106,credit,Daily Sales Deposit,,Sales Revenue,Checking Account,TX00071,63963
2022-02-27,842,credit,Daily Sales Deposit,,Sales Revenue,Checking Account,TX00072,64805
2022-02-28,735,credit,Daily Sales Deposit,,Sales Revenue,Checking Account,TX00073,65540
2022-03-01,726,credit,Daily Sales Deposit,,Sales Revenue,Checking Account,TX00074,66266
2022-03-02,485,credit,Daily Sales Deposit,,Sales Revenue,Checking Account,TX00075,66751
2022-03-03,569,credit,Daily Sales Deposit,,Sales Revenue,Checking Account,TX00076,67320
2022-03-04,533,credit,Daily Sales Deposit,,Sales Revenue,Checking Account,TX00077,67853
2022-03-05,507,credit,Daily Sales Deposit,,Sales Revenue,Checking Account,TX00078,68360
2022-03-05,385,debit,Utility Bill Payment,,Operating Expense,Checking Account,TX00079,67975
2022-03-06,527,credit,Daily Sales Deposit,,Sales Revenue,Checking Account,TX00080,68502
2022-03-07,747,credit,Daily Sales Deposit,,Sales Revenue,Checking Account,TX00081,69249
2022-03-08,589,credit,Daily Sales Deposit,,Sales Revenue,Checking Account,TX00082,69838
2022-03-08,476,debit,Utility Bill Payment,,Operating Expense,Checking Account,TX00083,69362
2022-03-09,520,credit,Daily Sales Deposit,,Sales Revenue,Checking Account,TX00084,69882
2022-03-10,632,credit,Daily Sales Deposit,,Sales Revenue,Checking Account,TX00085,70514
2022-03-11,597,credit,Daily Sales Deposit,,Sales Revenue,Checking Account,TX00086,71111
2022-03-12,536,credit,Daily Sales Deposit,,Sales Revenue,Checking Account,TX00087,71647
2022-03-13,624,credit,Daily Sales Deposit,,Sales Revenue,Checking Account,TX00088,72271
2022-03-13,271,debit,Utility Bill Payment,,Operating Expense,Checking Account,TX00089,72000
2022-03-14,773,credit,Daily Sales Deposit,,Sales Revenue,Checking Account,TX00090,72773
2022-03-15,632,credit,Daily Sales Deposit,,Sales Revenue,Checking Account,TX00091,73405
2022-03-16,717,credit,Daily Sales Deposit,,Sales Revenue,Checking Account,TX00092,74122
2022-03-17,451,credit,Daily Sales Deposit,,Sales Revenue,Checking Account,TX00093,74573
2022-03-18,694,credit,Daily Sales Deposit,,Sales Revenue,Checking Account,TX00094,75267
2022-03-19,512,credit,Daily Sales Deposit,,Sales Revenue,Checking Account,TX00095,75779
2022-03-19,180,debit,Utility Bill Payment,,Operating Expense,Checking Account,TX00096,75599
2022-03-20,512,credit,Daily Sales Deposit,,Sales Revenue,Checking Account,TX00097,76111
2022-03-21,619,credit,Daily Sales Deposit,,Sales Revenue,Checking Account,TX00098,76730
2022-03-21,323,debit,Bakery Payment,,COGS,Checking Account,TX00099,76407
2022-03-22,784,credit,Daily Sales Deposit,,Sales Revenue,Checking Account,TX00100,77191
2022-03-23,529,credit,Daily Sales Deposit,,Sales Revenue,Checking Account,TX00101,77720
2022-03-24,617,credit,Daily Sales Deposit,,Sales Revenue,Checking Account,TX00102,78337
2022-03-25,646,credit,Daily Sales Deposit,,Sales Revenue,Checking Account,TX00103,78983
2022-03-26,602,credit,Daily Sales Deposit,,Sales Revenue,Checking Account,TX00104,79585
2022-03-27,654,credit,Daily Sales Deposit,,Sales Revenue,Checking Account,TX00105,80239
2022-03-28,724,credit,Daily Sales Deposit,,Sales Revenue,Checking Account,TX00106,80963
2022-03-29,597,credit,Daily Sales Deposit,,Sales Revenue,Checking Account,TX00107,81560
2022-03-30,639,credit,Daily Sales Deposit,,Sales Revenue,Checking Account,TX00108,82199
2022-03-31,600,credit,Daily Sales Deposit,,Sales Revenue,Checking Account,TX00109,82799
2022-04-01,725,credit,Daily Sales Deposit,,Sales Revenue,Checking Account,TX00110,83524
2022-04-02,658,credit,Daily Sales Deposit,,Sales Revenue,Checking Account,TX00111,84182
2022-04-03,745,credit,Daily Sales Deposit,,Sales Revenue,Checking Account,TX00112,84927
2022-04-04,546,credit,Daily Sales Deposit,,Sales Revenue,Checking Account,TX00113,85473
2022-04-05,598,credit,Daily Sales Deposit,,Sales Revenue,Checking Account,TX00114,86071
2022-04-05,227,debit,Coffee Supplier Payment,,COGS,Checking Account,TX00115,85844
2022-04-06,759,credit,Daily Sales Deposit,,Sales Revenue,Checking Account,TX00116,86603
2022-04-06,250,debit,Coffee Supplier Payment,,COGS,Checking Account,TX00117,86353
2022-04-07,498,credit,Daily Sales Deposit,,Sales Revenue,Checking Account,TX00118,86851
2022-04-08,543,credit,Daily Sales Deposit,,Sales Revenue,Checking Account,TX00119,87394
2022-04-09,459,credit,Daily Sales Deposit,,Sales Revenue,Checking Account,TX00120,87853
2022-04-10,784,credit,Daily Sales Deposit,,Sales Revenue,Checking Account,TX00121,88637
2022-04-10,239,debit,Maintenance Payment,,Operating Expense,Checking Account,TX00122,88398
2022-04-11,436,credit,Daily Sales Deposit,,Sales Revenue,Checking Account,TX00123,88834
2022-04-12,408,credit,Daily Sales Deposit,,Sales Revenue,Checking Account,TX00124,89242
2022-04-13,546,credit,Daily Sales Deposit,,Sales Revenue,Checking Account,TX00125,89788
2022-04-14,530,credit,Daily Sales Deposit,,Sales Revenue,Checking Account,TX00126,90318
2022-04-15,453,credit,Daily Sales Deposit,,Sales Revenue,Checking Account,TX00127,90771
2022-04-16,515,credit,Daily Sales Deposit,,Sales Revenue,Checking Account,TX00128,91286
2022-04-16,203,debit,Rent Payment,,Operating Expense,Checking Account,TX00129,91083
2022-04-17,653,credit,Daily Sales Deposit,,Sales Revenue,Checking Account,TX00130,91736
2022-04-17,198,debit,Bakery Payment,,COGS,Checking Account,TX00131,91538
2022-04-18,748,credit,Daily Sales Deposit,,Sales Revenue,Checking Account,TX00132,92286
2022-04-19,765,credit,Daily Sales Deposit,,Sales Revenue,Checking Account,TX00133,93051
2022-04-20,709,credit,Daily Sales Deposit,,Sales Revenue,Checking Account,TX00134,93760
2022-04-21,568,credit,Daily Sales Deposit,,Sales Revenue,Checking Account,TX00135,94328
2022-04-21,167,debit,Bakery Payment,,COGS,Checking Account,TX00136,94161
2022-04-22,797,credit,Daily Sales Deposit,,Sales Revenue,Checking Account,TX00137,94958
2022-04-23,783,credit,Daily Sales Deposit,,Sales Revenue,Checking Account,TX00138,95741
2022-04-24,594,credit,Daily Sales Deposit,,Sales Revenue,Checking Account,TX00139,96335
2022-04-25,432,credit,Daily Sales Deposit,,Sales Revenue,Checking Account,TX00140,96767
2022-04-26,770,credit,Daily Sales Deposit,,Sales Revenue,Checking Account,TX00141,97537
2022-04-27,421,credit,Daily Sales Deposit,,Sales Revenue,Checking Account,TX00142,97958
2022-04-28,437,credit,Daily Sales Deposit,,Sales Revenue,Checking Account,TX00143,98395
2022-04-29,450,credit,Daily Sales Deposit,,Sales Revenue,Checking Account,TX00144,98845
2022-04-30,682,credit,Daily Sales Deposit,,Sales Revenue,Checking Account,TX00145,99527
2022-05-01,676,credit,Daily Sales Deposit,,Sales Revenue,Checking Account,TX00146,100203
2022-05-02,683,credit,Daily Sales Deposit,,Sales Revenue,Checking Account,TX00147,100886
2022-05-03,716,credit,Daily Sales Deposit,,Sales Revenue,Checking Account,TX00148,101602
2022-05-04,403,credit,Daily Sales Deposit,,Sales Revenue,Checking Account,TX00149,102005
2022-05-04,148,debit,Bakery Payment,,COGS,Checking Account,TX00150,101857
2022-05-05,571,credit,Daily Sales Deposit,,Sales Revenue,Checking Account,TX00151,102428
2022-05-06,445,credit,Daily Sales Deposit,,Sales Revenue,Checking Account,TX00152,102873
2022-05-07,498,credit,Daily Sales Deposit,,Sales Revenue,Checking Account,TX00153,103371
2022-05-08,436,credit,Daily Sales Deposit,,Sales Revenue,Checking Account,TX00154,103807
2022-05-09,701,credit,Daily Sales Deposit,,Sales Revenue,Checking Account,TX00155,104508
2022-05-10,498,credit,Daily Sales Deposit,,Sales Revenue,Checking Account,TX00156,105006
2022-05-11,515,credit,Daily Sales Deposit,,Sales Revenue,Checking Account,TX00157,105521
2022-05-12,560,credit,Daily Sales Deposit,,Sales Revenue,Checking Account,TX00158,106081
2022-05-13,527,credit,Daily Sales Deposit,,Sales Revenue,Checking Account,TX00159,106608
2022-05-14,622,credit,Daily Sales Deposit,,Sales Revenue,Checking Account,TX00160,107230
2022-05-15,722,credit,Daily Sales Deposit,,Sales Revenue,Checking Account,TX00161,107952
2022-05-16,679,credit,Daily Sales Deposit,,Sales Revenue,Checking Account,TX00162,108631
2022-05-17,741,credit,Daily Sales Deposit,,Sales Revenue,Checking Account,TX00163,109372
2022-05-18,526,credit,Daily Sales Deposit,,Sales Revenue,Checking Account,TX00164,109898
2022-05-19,785,credit,Daily Sales Deposit,,Sales Revenue,Checking Account,TX00165,110683
2022-05-20,503,credit,Daily Sales Deposit,,Sales Revenue,Checking Account,TX00166,111186
2022-05-21,698,credit,Daily Sales Deposit,,Sales Revenue,Checking Account,TX00167,111884
2022-05-22,438,credit,Daily Sales Deposit,,Sales Revenue,Checking Account,TX00168,112322
2022-05-23,646,credit,Daily Sales Deposit,,Sales Revenue,Checking Account,TX00169,112968
2022-05-24,705,credit,Daily Sales Deposit,,Sales Revenue,Checking Account,TX00170,113673
2022-05-25,412,credit,Daily Sales Deposit,,Sales Revenue,Checking Account,TX00171,114085
2022-05-25,490,debit,Bakery Payment,,COGS,Checking Account,TX00172,113595
2022-05-26,435,credit,Daily Sales Deposit,,Sales Revenue,Checking Account,TX00173,114030
2022-05-27,720,credit,Daily Sales Deposit,,Sales Revenue,Checking Account,TX00174,114750
2022-05-27,499,debit,Rent Payment,,Operating Expense,Checking Account,TX00175,114251
2022-05-28,770,credit,Daily Sales Deposit,,Sales Revenue,Checking Account,TX00176,115021
2022-05-29,491,credit,Daily Sales Deposit,,Sales Revenue,Checking Account,TX00177,115512
2022-05-30,687,credit,Daily Sales Deposit,,Sales Revenue,Checking Account,TX00178,116199
2022-05-31,741,credit,Daily Sales Deposit,,Sales Revenue,Checking Account,TX00179,116940
2022-06-01,585,credit,Daily Sales Deposit,,Sales Revenue,Checking Account,TX00180,117525
2022-06-02,524,credit,Daily Sales Deposit,,Sales Revenue,Checking Account,TX00181,118049
2022-06-03,457,credit,Daily Sales Deposit,,Sales Revenue,Checking Account,TX00182,118506
2022-06-03,279,debit,Coffee Supplier Payment,,COGS,Checking Account,TX00183,118227
2022-06-04,725,credit,Daily Sales Deposit,,Sales Revenue,Checking Account,TX00184,118952
2022-06-05,500,credit,Daily Sales Deposit,,Sales Revenue,Checking Account,TX00185,119452
2022-06-06,452,credit,Daily Sales Deposit,,Sales Revenue,Checking Account,TX00186,119904
2022-06-07,507,credit,Daily Sales Deposit,,Sales Revenue,Checking Account,TX00187,120411
2022-06-08,595,credit,Daily Sales Deposit,,Sales Revenue,Checking Account,TX00188,121006
2022-06-09,771,credit,Daily Sales Deposit,,Sales Revenue,Checking Account,TX00189,121777
2022-06-10,754,credit,Daily Sales Deposit,,Sales Revenue,Checking Account,TX00190,122531
2022-06-11,707,credit,Daily Sales Deposit,,Sales Revenue,Checking Account,TX00191,123238
2022-06-11,469,debit,Rent Payment,,Operating Expense,Checking Account,TX00192,122769
2022-06-12,505,credit,Daily Sales Deposit,,Sales Revenue,Checking Account,TX00193,123274
2022-06-13,544,credit,Daily Sales Deposit,,Sales Revenue,Checking Account,TX00194,123818
2022-06-14,674,credit,Daily Sales Deposit,,Sales Revenue,Checking Account,TX00195,124492
2022-06-15,745,credit,Daily Sales Deposit,,Sales Revenue,Checking Account,TX00196,125237
2022-06-15,216,debit,Bakery Payment,,COGS,Checking Account,TX00197,125021
2022-06-16,795,credit,Daily Sales Deposit,,Sales Revenue,Checking Account,TX00198,125816
2022-06-17,457,credit,Daily Sales Deposit,,Sales Revenue,Checking Account,TX00199,126273
2022-06-18,638,credit,Daily Sales Deposit,,Sales Revenue,Checking Account,TX00200,126911
2022-06-19,525,credit,Daily Sales Deposit,,Sales Revenue,Checking Account,TX00201,127436
2022-06-19,188,debit,Maintenance Payment,,Operating Expense,Checking Account,TX00202,127248
2022-06-20,772,credit,Daily Sales Deposit,,Sales Revenue,Checking Account,TX00203,128020
2022-06-21,588,credit,Daily Sales Deposit,,Sales Revenue,Checking Account,TX00204,128608
2022-06-22,468,credit,Daily Sales Deposit,,Sales Revenue,Checking Account,TX00205,129076
2022-06-23,646,credit,Daily Sales Deposit,,Sales Revenue,Checking Account,TX00206,129722
2022-06-23,253,debit,Utility Bill Payment,,Operating Expense,Checking Account,TX00207,129469
2022-06-24,485,credit,Daily Sales Deposit,,Sales Revenue,Checking Account,TX00208,129954
2022-06-24,319,debit,Maintenance Payment,,Operating Expense,Checking Account,TX00209,129635
2022-06-25,446,credit,Daily Sales Deposit,,Sales Revenue,Checking Account,TX00210,130081
2022-06-25,337,debit,Rent Payment,,Operating Expense,Checking Account,TX00211,129744
2022-06-26,603,credit,Daily Sales Deposit,,Sales Revenue,Checking Account,TX00212,130347
2022-06-26,440,debit,Rent Payment,,Operating Expense,Checking Account,TX00213,129907
2022-06-27,688,credit,Daily Sales Deposit,,Sales Revenue,Checking Account,TX00214,130595
2022-06-28,756,credit,Daily Sales Deposit,,Sales Revenue,Checking Account,TX00215,131351
2022-06-29,409,credit,Daily Sales Deposit,,Sales Revenue,Checking Account,TX00216,131760
2022-06-30,499,credit,Daily Sales Deposit,,Sales Revenue,Checking Account,TX00217,132259
2022-06-30,322,debit,Coffee Supplier Payment,,COGS,Checking Account,TX00218,131937
2022-07-01,749,credit,Daily Sales Deposit,,Sales Revenue,Checking Account,TX00219,132686
2022-07-02,595,credit,Daily Sales Deposit,,Sales Revenue,Checking Account,TX00220,133281
2022-07-03,824,credit,Daily Sales Deposit,,Sales Revenue,Checking Account,TX00221,134105
2022-07-04,515,credit,Daily Sales Deposit,,Sales Revenue,Checking Account,TX00222,134620
2022-07-04,346,debit,Coffee Supplier Payment,,COGS,Checking Account,TX00223,134274
2022-07-05,996,credit,Daily Sales Deposit,,Sales Revenue,Checking Account,TX00224,135270
2022-07-06,659,credit,Daily Sales Deposit,,Sales Revenue,Checking Account,TX00225,135929
2022-07-07,651,credit,Daily Sales Deposit,,Sales Revenue,Checking Account,TX00226,136580
2022-07-08,662,credit,Daily Sales Deposit,,Sales Revenue,Checking Account,TX00227,137242
2022-07-09,916,credit,Daily Sales Deposit,,Sales Revenue,Checking Account,TX00228,138158
2022-07-10,926,credit,Daily Sales Deposit,,Sales Revenue,Checking Account,TX00229,139084
2022-07-11,822,credit,Daily Sales Deposit,,Sales Revenue,Checking Account,TX00230,139906
2022-07-12,667,credit,Daily Sales Deposit,,Sales Revenue,Checking Account,TX00231,140573
2022-07-13,543,credit,Daily Sales Deposit,,Sales Revenue,Checking Account,TX00232,141116
2022-07-14,511,credit,Daily Sales Deposit,,Sales Revenue,Checking Account,TX00233,141627
2022-07-14,485,debit,Maintenance Payment,,Operating Expense,Checking Account,TX00234,141142
2022-07-15,998,credit,Daily Sales Deposit,,Sales Revenue,Checking Account,TX00235,142140
2022-07-16,714,credit,Daily Sales Deposit,,Sales Revenue,Checking Account,TX00236,142854
2022-07-16,363,debit,Maintenance Payment,,Operating Expense,Checking Account,TX00237,142491
2022-07-17,909,credit,Daily Sales Deposit,,Sales Revenue,Checking Account,TX00238,143400
2022-07-18,917,credit,Daily Sales Deposit,,Sales Revenue,Checking Account,TX00239,144317
2022-07-19,890,credit,Daily Sales Deposit,,Sales Revenue,Checking Account,TX00240,145207
2022-07-19,213,debit,Maintenance Payment,,Operating Expense,Checking Account,TX00241,144994
2022-07-20,574,credit,Daily Sales Deposit,,Sales Revenue,Checking Account,TX00242,145568
2022-07-21,919,credit,Daily Sales Deposit,,Sales Revenue,Checking Account,TX00243,146487
2022-07-22,748,credit,Daily Sales Deposit,,Sales Revenue,Checking Account,TX00244,147235
2022-07-23,856,credit,Daily Sales Deposit,,Sales Revenue,Checking Account,TX00245,148091
2022-07-24,691,credit,Daily Sales Deposit,,Sales Revenue,Checking Account,TX00246,148782
2022-07-25,598,credit,Daily Sales Deposit,,Sales Revenue,Checking Account,TX00247,149380
2022-07-26,965,credit,Daily Sales Deposit,,Sales Revenue,Checking Account,TX00248,150345
2022-07-27,595,credit,Daily Sales Deposit,,Sales Revenue,Checking Account,TX00249,150940
2022-07-28,689,credit,Daily Sales Deposit,,Sales Revenue,Checking Account,TX00250,151629
2022-07-29,767,credit,Daily Sales Deposit,,Sales Revenue,Checking Account,TX00251,152396
2022-07-30,512,credit,Daily Sales Deposit,,Sales Revenue,Checking Account,TX00252,152908
2022-07-31,854,credit,Daily Sales Deposit,,Sales Revenue,Checking Account,TX00253,153762
2022-07-31,372,debit,Bakery Payment,,COGS,Checking Account,TX00254,153390
2022-08-01,561,credit,Daily Sales Deposit,,Sales Revenue,Checking Account,TX00255,153951
2022-08-02,716,credit,Daily Sales Deposit,,Sales Revenue,Checking Account,TX00256,154667
2022-08-03,686,credit,Daily Sales Deposit,,Sales Revenue,Checking Account,TX00257,155353
2022-08-03,199,debit,Rent Payment,,Operating Expense,Checking Account,TX00258,155154
2022-08-04,944,credit,Daily Sales Deposit,,Sales Revenue,Checking Account,TX00259,156098
2022-08-05,575,credit,Daily Sales Deposit,,Sales Revenue,Checking Account,TX00260,156673
2022-08-06,783,credit,Daily Sales Deposit,,Sales Revenue,Checking Account,TX00261,157456
2022-08-07,883,credit,Daily Sales Deposit,,Sales Revenue,Checking Account,TX00262,158339
2022-08-08,866,credit,Daily Sales Deposit,,Sales Revenue,Checking Account,TX00263,159205
2022-08-08,168,debit,Utility Bill Payment,,Operating Expense,Checking Account,TX00264,159037
2022-08-09,895,credit,Daily Sales Deposit,,Sales Revenue,Checking Account,TX00265,159932
2022-08-10,878,credit,Daily Sales Deposit,,Sales Revenue,Checking Account,TX00266,160810
2022-08-11,552,credit,Daily Sales Deposit,,Sales Revenue,Checking Account,TX00267,161362
2022-08-12,556,credit,Daily Sales Deposit,,Sales Revenue,Checking Account,TX00268,161918
2022-08-12,280,debit,Coffee Supplier Payment,,COGS,Checking Account,TX00269,161638
2022-08-13,685,credit,Daily Sales Deposit,,Sales Revenue,Checking Account,TX00270,162323
2022-08-13,322,debit,Coffee Supplier Payment,,COGS,Checking Account,TX00271,162001
2022-08-14,632,credit,Daily Sales Deposit,,Sales Revenue,Checking Account,TX00272,162633
2022-08-15,720,credit,Daily Sales Deposit,,Sales Revenue,Checking Account,TX00273,163353
2022-08-16,645,credit,Daily Sales Deposit,,Sales Revenue,Checking Account,TX00274,163998
2022-08-17,508,credit,Daily Sales Deposit,,Sales Revenue,Checking Account,TX00275,164506
2022-08-18,991,credit,Daily Sales Deposit,,Sales Revenue,Checking Account,TX00276,165497
2022-08-19,729,credit,Daily Sales Deposit,,Sales Revenue,Checking Account,TX00277,166226
2022-08-19,240,debit,Coffee Supplier Payment,,COGS,Checking Account,TX00278,165986
2022-08-20,892,credit,Daily Sales Deposit,,Sales Revenue,Checking Account,TX00279,166878
2022-08-21,621,credit,Daily Sales Deposit,,Sales Revenue,Checking Account,TX00280,167499
2022-08-21,128,debit,Maintenance Payment,,Operating Expense,Checking Account,TX00281,167371
2022-08-22,921,credit,Daily Sales Deposit,,Sales Revenue,Checking Account,TX00282,168292
2022-08-23,995,credit,Daily Sales Deposit,,Sales Revenue,Checking Account,TX00283,169287
2022-08-24,841,credit,Daily Sales Deposit,,Sales Revenue,Checking Account,TX00284,170128
2022-08-25,826,credit,Daily Sales Deposit,,Sales Revenue,Checking Account,TX00285,170954
2022-08-26,631,credit,Daily Sales Deposit,,Sales Revenue,Checking Account,TX00286,171585
2022-08-27,751,credit,Daily Sales Deposit,,Sales Revenue,Checking Account,TX00287,172336
2022-08-27,463,debit,Utility Bill Payment,,Operating Expense,Checking Account,TX00288,171873
2022-08-28,701,credit,Daily Sales Deposit,,Sales Revenue,Checking Account,TX00289,172574
2022-08-29,538,credit,Daily Sales Deposit,,Sales Revenue,Checking Account,TX00290,173112
2022-08-30,672,credit,Daily Sales Deposit,,Sales Revenue,Checking Account,TX00291,173784
2022-08-30,319,debit,Coffee Supplier Payment,,COGS,Checking Account,TX00292,173465
2022-08-31,647,credit,Daily Sales Deposit,,Sales Revenue,Checking Account,TX00293,174112
2022-08-31,416,debit,Bakery Payment,,COGS,Checking Account,TX00294,173696
2022-09-01,1122,credit,Daily Sales Deposit,,Sales Revenue,Checking Account,TX00295,174818
2022-09-02,1160,credit,Daily Sales Deposit,,Sales Revenue,Checking Account,TX00296,175978
2022-09-03,890,credit,Daily Sales Deposit,,Sales Revenue,Checking Account,TX00297,176868
2022-09-04,1108,credit,Daily Sales Deposit,,Sales Revenue,Checking Account,TX00298,177976
2022-09-05,1121,credit,Daily Sales Deposit,,Sales Revenue,Checking Account,TX00299,179097
2022-09-06,757,credit,Daily Sales Deposit,,Sales Revenue,Checking Account,TX00300,179854
2022-09-06,259,debit,Maintenance Payment,,Operating Expense,Checking Account,TX00301,179595
2022-09-07,1016,credit,Daily Sales Deposit,,Sales Revenue,Checking Account,TX00302,180611
2022-09-08,779,credit,Daily Sales Deposit,,Sales Revenue,Checking Account,TX00303,181390
2022-09-09,902,credit,Daily Sales Deposit,,Sales Revenue,Checking Account,TX00304,182292
2022-09-10,863,credit,Daily Sales Deposit,,Sales Revenue,Checking Account,TX00305,183155
2022-09-11,719,credit,Daily Sales Deposit,,Sales Revenue,Checking Account,TX00306,183874
2022-09-11,146,debit,Bakery Payment,,COGS,Checking Account,TX00307,183728
2022-09-12,1004,credit,Daily Sales Deposit,,Sales Revenue,Checking Account,TX00308,184732
2022-09-13,1114,credit,Daily Sales Deposit,,Sales Revenue,Checking Account,TX00309,185846
2022-09-14,753,credit,Daily Sales Deposit,,Sales Revenue,Checking Account,TX00310,186599
2022-09-15,843,credit,Daily Sales Deposit,,Sales Revenue,Checking Account,TX00311,187442
2022-09-16,1158,credit,Daily Sales Deposit,,Sales Revenue,Checking Account,TX00312,188600
2022-09-17,923,credit,Daily Sales Deposit,,Sales Revenue,Checking Account,TX00313,189523
2022-09-17,457,debit,Rent Payment,,Operating Expense,Checking Account,TX00314,189066
2022-09-18,1107,credit,Daily Sales Deposit,,Sales Revenue,Checking Account,TX00315,190173
2022-09-19,707,credit,Daily Sales Deposit,,Sales Revenue,Checking Account,TX00316,190880
2022-09-19,263,debit,Coffee Supplier Payment,,COGS,Checking Account,TX00317,190617
2022-09-20,835,credit,Daily Sales Deposit,,Sales Revenue,Checking Account,TX00318,191452
2022-09-21,877,credit,Daily Sales Deposit,,Sales Revenue,Checking Account,TX00319,192329
2022-09-22,1056,credit,Daily Sales Deposit,,Sales Revenue,Checking Account,TX00320,193385
2022-09-23,891,credit,Daily Sales Deposit,,Sales Revenue,Checking Account,TX00321,194276
2022-09-24,1146,credit,Daily Sales Deposit,,Sales Revenue,Checking Account,TX00322,195422
2022-09-25,1116,credit,Daily Sales Deposit,,Sales Revenue,Checking Account,TX00323,196538
2022-09-26,1160,credit,Daily Sales Deposit,,Sales Revenue,Checking Account,TX00324,197698
2022-09-27,1112,credit,Daily Sales Deposit,,Sales Revenue,Checking Account,TX00325,198810
2022-09-27,134,debit,Maintenance Payment,,Operating Expense,Checking Account,TX00326,198676
2022-09-28,1089,credit,Daily Sales Deposit,,Sales Revenue,Checking Account,TX00327,199765
2022-09-29,955,credit,Daily Sales Deposit,,Sales Revenue,Checking Account,TX00328,200720
2022-09-30,1108,credit,Daily Sales Deposit,,Sales Revenue,Checking Account,TX00329,201828
2022-10-01,1011,credit,Daily Sales Deposit,,Sales Revenue,Checking Account,TX00330,202839
2022-10-02,950,credit,Daily Sales Deposit,,Sales Revenue,Checking Account,TX00331,203789
2022-10-02,218,debit,Bakery Payment,,COGS,Checking Account,TX00332,203571
2022-10-03,1073,credit,Daily Sales Deposit,,Sales Revenue,Checking Account,TX00333,204644
2022-10-04,923,credit,Daily Sales Deposit,,Sales Revenue,Checking Account,TX00334,205567
2022-10-05,966,credit,Daily Sales Deposit,,Sales Revenue,Checking Account,TX00335,206533
2022-10-06,762,credit,Daily Sales Deposit,,Sales Revenue,Checking Account,TX00336,207295
2022-10-07,1014,credit,Daily Sales Deposit,,Sales Revenue,Checking Account,TX00337,208309
2022-10-08,1160,credit,Daily Sales Deposit,,Sales Revenue,Checking Account,TX00338,209469
2022-10-08,204,debit,Utility Bill Payment,,Operating Expense,Checking Account,TX00339,209265
2022-10-09,1084,credit,Daily Sales Deposit,,Sales Revenue,Checking Account,TX00340,210349
2022-10-09,410,debit,Rent Payment,,Operating Expense,Checking Account,TX00341,209939
2022-10-10,1164,credit,Daily Sales Deposit,,Sales Revenue,Checking Account,TX00342,211103
2022-10-11,832,credit,Daily Sales Deposit,,Sales Revenue,Checking Account,TX00343,211935
2022-10-12,1136,credit,Daily Sales Deposit,,Sales Revenue,Checking Account,TX00344,213071
2022-10-13,752,credit,Daily Sales Deposit,,Sales Revenue,Checking Account,TX00345,213823
2022-10-14,1157,credit,Daily Sales Deposit,,Sales Revenue,Checking Account,TX00346,214980
2022-10-15,784,credit,Daily Sales Deposit,,Sales Revenue,Checking Account,TX00347,215764
2022-10-16,1065,credit,Daily Sales Deposit,,Sales Revenue,Checking Account,TX00348,216829
2022-10-17,872,credit,Daily Sales Deposit,,Sales Revenue,Checking Account,TX00349,217701
2022-10-18,1145,credit,Daily Sales Deposit,,Sales Revenue,Checking Account,TX00350,218846
2022-10-19,1187,credit,Daily Sales Deposit,,Sales Revenue,Checking Account,TX00351,220033
2022-10-20,1047,credit,Daily Sales Deposit,,Sales Revenue,Checking Account,TX00352,221080
2022-10-21,738,credit,Daily Sales Deposit,,Sales Revenue,Checking Account,TX00353,221818
2022-10-22,861,credit,Daily Sales Deposit,,Sales Revenue,Checking Account,TX00354,222679
2022-10-23,958,credit,Daily Sales Deposit,,Sales Revenue,Checking Account,TX00355,223637
2022-10-24,967,credit,Daily Sales Deposit,,Sales Revenue,Checking Account,TX00356,224604
2022-10-25,935,credit,Daily Sales Deposit,,Sales Revenue,Checking Account,TX00357,225539
2022-10-26,921,credit,Daily Sales Deposit,,Sales Revenue,Checking Account,TX00358,226460
2022-10-27,1100,credit,Daily Sales Deposit,,Sales Revenue,Checking Account,TX00359,227560
2022-10-27,402,debit,Maintenance Payment,,Operating Expense,Checking Account,TX00360,227158
2022-10-28,1040,credit,Daily Sales Deposit,,Sales Revenue,Checking Account,TX00361,228198
2022-10-29,774,credit,Daily Sales Deposit,,Sales Revenue,Checking Account,TX00362,228972
2022-10-30,1121,credit,Daily Sales Deposit,,Sales Revenue,Checking Account,TX00363,230093
2022-10-31,925,credit,Daily Sales Deposit,,Sales Revenue,Checking Account,TX00364,231018
2022-11-01,797,credit,Daily Sales Deposit,,Sales Revenue,Checking Account,TX00365,231815
2022-11-02,1034,credit,Daily Sales Deposit,,Sales Revenue,Checking Account,TX00366,232849
2022-11-03,1146,credit,Daily Sales Deposit,,Sales Revenue,Checking Account,TX00367,233995
2022-11-04,948,credit,Daily Sales Deposit,,Sales Revenue,Checking Account,TX00368,234943
2022-11-05,1171,credit,Daily Sales Deposit,,Sales Revenue,Checking Account,TX00369,236114
2022-11-06,729,credit,Daily Sales Deposit,,Sales Revenue,Checking Account,TX00370,236843
2022-11-07,750,credit,Daily Sales Deposit,,Sales Revenue,Checking Account,TX00371,237593
2022-11-08,984,credit,Daily Sales Deposit,,Sales Revenue,Checking Account,TX00372,238577
2022-11-08,283,debit,Bakery Payment,,COGS,Checking Account,TX00373,238294
2022-11-09,1029,credit,Daily Sales Deposit,,Sales Revenue,Checking Account,TX00374,239323
2022-11-10,1039,credit,Daily Sales Deposit,,Sales Revenue,Checking Account,TX00375,240362
2022-11-11,733,credit,Daily Sales Deposit,,Sales Revenue,Checking Account,TX00376,241095
2022-11-12,1149,credit,Daily Sales Deposit,,Sales Revenue,Checking Account,TX00377,242244
2022-11-13,934,credit,Daily Sales Deposit,,Sales Revenue,Checking Account,TX00378,243178
2022-11-14,1158,credit,Daily Sales Deposit,,Sales Revenue,Checking Account,TX00379,244336
2022-11-14,348,debit,Utility Bill Payment,,Operating Expense,Checking Account,TX00380,243988
2022-11-15,1073,credit,Daily Sales Deposit,,Sales Revenue,Checking Account,TX00381,245061
2022-11-16,1087,credit,Daily Sales Deposit,,Sales Revenue,Checking Account,TX00382,246148
2022-11-16,283,debit,Bakery Payment,,COGS,Checking Account,TX00383,245865
2022-11-17,894,credit,Daily Sales Deposit,,Sales Revenue,Checking Account,TX00384,246759
2022-11-18,854,credit,Daily Sales Deposit,,Sales Revenue,Checking Account,TX00385,247613
2022-11-19,1133,credit,Daily Sales Deposit,,Sales Revenue,Checking Account,TX00386,248746
2022-11-20,750,credit,Daily Sales Deposit,,Sales Revenue,Checking Account,TX00387,249496
2022-11-20,104,debit,Coffee Supplier Payment,,COGS,Checking Account,TX00388,249392
2022-11-21,791,credit,Daily Sales Deposit,,Sales Revenue,Checking Account,TX00389,250183
2022-11-22,721,credit,Daily Sales Deposit,,Sales Revenue,Checking Account,TX00390,250904
2022-11-22,100,debit,Maintenance Payment,,Operating Expense,Checking Account,TX00391,250804
2022-11-23,932,credit,Daily Sales Deposit,,Sales Revenue,Checking Account,TX00392,251736
2022-11-24,745,credit,Daily Sales Deposit,,Sales Revenue,Checking Account,TX00393,252481
2022-11-25,777,credit,Daily Sales Deposit,,Sales Revenue,Checking Account,TX00394,253258
2022-11-26,1110,credit,Daily Sales Deposit,,Sales Revenue,Checking Account,TX00395,254368
2022-11-26,348,debit,Bakery Payment,,COGS,Checking Account,TX00396,254020
2022-11-27,913,credit,Daily Sales Deposit,,Sales Revenue,Checking Account,TX00397,254933
2022-11-27,449,debit,Utility Bill Payment,,Operating Expense,Checking Account,TX00398,254484
2022-11-28,1018,credit,Daily Sales Deposit,,Sales Revenue,Checking Account,TX00399,255502
2022-11-29,1036,credit,Daily Sales Deposit,,Sales Revenue,Checking Account,TX00400,256538
2022-11-30,956,credit,Daily Sales Deposit,,Sales Revenue,Checking Account,TX00401,257494
2022-11-30,454,debit,Maintenance Payment,,Operating Expense,Checking Account,TX00402,257040
2022-12-01,879,credit,Daily Sales Deposit,,Sales Revenue,Checking Account,TX00403,257919
2022-12-02,826,credit,Daily Sales Deposit,,Sales Revenue,Checking Account,TX00404,258745
2022-12-03,713,credit,Daily Sales Deposit,,Sales Revenue,Checking Account,TX00405,259458
2022-12-04,1170,credit,Daily Sales Deposit,,Sales Revenue,Checking Account,TX00406,260628
2022-12-05,1085,credit,Daily Sales Deposit,,Sales Revenue,Checking Account,TX00407,261713
2022-12-06,713,credit,Daily Sales Deposit,,Sales Revenue,Checking Account,TX00408,262426
2022-12-06,470,debit,Utility Bill Payment,,Operating Expense,Checking Account,TX00409,261956
2022-12-07,810,credit,Daily Sales Deposit,,Sales Revenue,Checking Account,TX00410,262766
2022-12-08,1062,credit,Daily Sales Deposit,,Sales Revenue,Checking Account,TX00411,263828
2022-12-09,1192,credit,Daily Sales Deposit,,Sales Revenue,Checking Account,TX00412,265020
2022-12-10,993,credit,Daily Sales Deposit,,Sales Revenue,Checking Account,TX00413,266013
2022-12-11,714,credit,Daily Sales Deposit,,Sales Revenue,Checking Account,TX00414,266727
2022-12-11,218,debit,Maintenance Payment,,Operating Expense,Checking Account,TX00415,266509
2022-12-12,727,credit,Daily Sales Deposit,,Sales Revenue,Checking Account,TX00416,267236
2022-12-12,372,debit,Coffee Supplier Payment,,COGS,Checking Account,TX00417,266864
2022-12-13,825,credit,Daily Sales Deposit,,Sales Revenue,Checking Account,TX00418,267689
2022-12-13,244,debit,Maintenance Payment,,Operating Expense,Checking Account,TX00419,267445
2022-12-14,911,credit,Daily Sales Deposit,,Sales Revenue,Checking Account,TX00420,268356
2022-12-15,1093,credit,Daily Sales Deposit,,Sales Revenue,Checking Account,TX00421,269449
2022-12-16,808,credit,Daily Sales Deposit,,Sales Revenue,Checking Account,TX00422,270257
2022-12-17,927,credit,Daily Sales Deposit,,Sales Revenue,Checking Account,TX00423,271184
2022-12-18,733,credit,Daily Sales Deposit,,Sales Revenue,Checking Account,TX00424,271917
2022-12-19,1123,credit,Daily Sales Deposit,,Sales Revenue,Checking Account,TX00425,273040
2022-12-20,782,credit,Daily Sales Deposit,,Sales Revenue,Checking Account,TX00426,273822
2022-12-21,800,credit,Daily Sales Deposit,,Sales Revenue,Checking Account,TX00427,274622
2022-12-22,981,credit,Daily Sales Deposit,,Sales Revenue,Checking Account,TX00428,275603
2022-12-23,1142,credit,Daily Sales Deposit,,Sales Revenue,Checking Account,TX00429,276745
2022-12-24,1064,credit,Daily Sales Deposit,,Sales Revenue,Checking Account,TX00430,277809
2022-12-25,1076,credit,Daily Sales Deposit,,Sales Revenue,Checking Account,TX00431,278885
2022-12-26,849,credit,Daily Sales Deposit,,Sales Revenue,Checking Account,TX00432,279734
2022-12-27,769,credit,Daily Sales Deposit,,Sales Revenue,Checking Account,TX00433,280503
2022-12-28,703,credit,Daily Sales Deposit,,Sales Revenue,Checking Account,TX00434,281206
2022-12-29,1145,credit,Daily Sales Deposit,,Sales Revenue,Checking Account,TX00435,282351
2022-12-30,794,credit,Daily Sales Deposit,,Sales Revenue,Checking Account,TX00436,283145
2022-12-30,236,debit,Utility Bill Payment,,Operating Expense,Checking Account,TX00437,282909
2022-12-31,942,credit,Daily Sales Deposit,,Sales Revenue,Checking Account,TX00438,283851
2022-12-31,328,debit,Rent Payment,,Operating Expense,Checking Account,TX00439,283523
2023-01-01,1107,credit,Daily Sales Deposit,,Sales Revenue,Checking Account,TX00440,284630
2023-01-01,421,debit,Rent Payment,,Operating Expense,Checking Account,TX00441,284209
2023-01-02,919,credit,Daily Sales Deposit,,Sales Revenue,Checking Account,TX00442,285128
2023-01-03,1034,credit,Daily Sales Deposit,,Sales Revenue,Checking Account,TX00443,286162
2023-01-04,1068,credit,Daily Sales Deposit,,Sales Revenue,Checking Account,TX00444,287230
2023-01-05,1185,credit,Daily Sales Deposit,,Sales Revenue,Checking Account,TX00445,288415
2023-01-06,1140,credit,Daily Sales Deposit,,Sales Revenue,Checking Account,TX00446,289555
2023-01-07,902,credit,Daily Sales Deposit,,Sales Revenue,Checking Account,TX00447,290457
2023-01-08,1134,credit,Daily Sales Deposit,,Sales Revenue,Checking Account,TX00448,291591
2023-01-09,832,credit,Daily Sales Deposit,,Sales Revenue,Checking Account,TX00449,292423
2023-01-09,217,debit,Rent Payment,,Operating Expense,Checking Account,TX00450,292206
2023-01-10,974,credit,Daily Sales Deposit,,Sales Revenue,Checking Account,TX00451,293180
2023-01-10,119,debit,Bakery Payment,,COGS,Checking Account,TX00452,293061
2023-01-11,839,credit,Daily Sales Deposit,,Sales Revenue,Checking Account,TX00453,293900
2023-01-11,189,debit,Maintenance Payment,,Operating Expense,Checking Account,TX00454,293711
2023-01-12,1081,credit,Daily Sales Deposit,,Sales Revenue,Checking Account,TX00455,294792
2023-01-12,455,debit,Maintenance Payment,,Operating Expense,Checking Account,TX00456,294337
2023-01-13,1190,credit,Daily Sales Deposit,,Sales Revenue,Checking Account,TX00457,295527
2023-01-14,1089,credit,Daily Sales Deposit,,Sales Revenue,Checking Account,TX00458,296616
2023-01-15,709,credit,Daily Sales Deposit,,Sales Revenue,Checking Account,TX00459,297325
2023-01-16,837,credit,Daily Sales Deposit,,Sales Revenue,Checking Account,TX00460,298162
2023-01-17,712,credit,Daily Sales Deposit,,Sales Revenue,Checking Account,TX00461,298874
2023-01-18,783,credit,Daily Sales Deposit,,Sales Revenue,Checking Account,TX00462,299657
2023-01-19,800,credit,Daily Sales Deposit,,Sales Revenue,Checking Account,TX00463,300457
2023-01-19,364,debit,Utility Bill Payment,,Operating Expense,Checking Account,TX00464,300093
2023-01-20,1098,credit,Daily Sales Deposit,,Sales Revenue,Checking Account,TX00465,301191
2023-01-21,1118,credit,Daily Sales Deposit,,Sales Revenue,Checking Account,TX00466,302309
2023-01-22,1004,credit,Daily Sales Deposit,,Sales Revenue,Checking Account,TX00467,303313
2023-01-23,1143,credit,Daily Sales Deposit,,Sales Revenue,Checking Account,TX00468,304456
2023-01-24,1033,credit,Daily Sales Deposit,,Sales Revenue,Checking Account,TX00469,305489
2023-01-25,1158,credit,Daily Sales Deposit,,Sales Revenue,Checking Account,TX00470,306647
2023-01-26,775,credit,Daily Sales Deposit,,Sales Revenue,Checking Account,TX00471,307422
2023-01-27,700,credit,Daily Sales Deposit,,Sales Revenue,Checking Account,TX00472,308122
2023-01-28,1105,credit,Daily Sales Deposit,,Sales Revenue,Checking Account,TX00473,309227
2023-01-28,448,debit,Utility Bill Payment,,Operating Expense,Checking Account,TX00474,308779
2023-01-29,1060,credit,Daily Sales Deposit,,Sales Revenue,Checking Account,TX00475,309839
2023-01-30,1015,credit,Daily Sales Deposit,,Sales Revenue,Checking Account,TX00476,310854
2023-01-30,312,debit,Maintenance Payment,,Operating Expense,Checking Account,TX00477,310542
2023-01-31,704,credit,Daily Sales Deposit,,Sales Revenue,Checking Account,TX00478,311246
2023-02-01,777,credit,Daily Sales Deposit,,Sales Revenue,Checking Account,TX00479,312023
2023-02-02,831,credit,Daily Sales Deposit,,Sales Revenue,Checking Account,TX00480,312854
2023-02-03,741,credit,Daily Sales Deposit,,Sales Revenue,Checking Account,TX00481,313595
2023-02-04,995,credit,Daily Sales Deposit,,Sales Revenue,Checking Account,TX00482,314590
2023-02-05,803,credit,Daily Sales Deposit,,Sales Revenue,Checking Account,TX00483,315393
2023-02-06,878,credit,Daily Sales Deposit,,Sales Revenue,Checking Account,TX00484,316271
2023-02-07,1052,credit,Daily Sales Deposit,,Sales Revenue,Checking Account,TX00485,317323
2023-02-08,842,credit,Daily Sales Deposit,,Sales Revenue,Checking Account,TX00486,318165
2023-02-09,844,credit,Daily Sales Deposit,,Sales Revenue,Checking Account,TX00487,319009
2023-02-10,1149,credit,Daily Sales Deposit,,Sales Revenue,Checking Account,TX00488,320158
2023-02-11,803,credit,Daily Sales Deposit,,Sales Revenue,Checking Account,TX00489,320961
2023-02-12,738,credit,Daily Sales Deposit,,Sales Revenue,Checking Account,TX00490,321699
2023-02-12,233,debit,Utility Bill Payment,,Operating Expense,Checking Account,TX00491,321466
2023-02-13,1090,credit,Daily Sales Deposit,,Sales Revenue,Checking Account,TX00492,322556
2023-02-14,741,credit,Daily Sales Deposit,,Sales Revenue,Checking Account,TX00493,323297
2023-02-14,114,debit,Maintenance Payment,,Operating Expense,Checking Account,TX00494,323183
2023-02-15,988,credit,Daily Sales Deposit,,Sales Revenue,Checking Account,TX00495,324171
2023-02-16,930,credit,Daily Sales Deposit,,Sales Revenue,Checking Account,TX00496,325101
2023-02-17,856,credit,Daily Sales Deposit,,Sales Revenue,Checking Account,TX00497,325957
2023-02-17,196,debit,Maintenance Payment,,Operating Expense,Checking Account,TX00498,325761
2023-02-18,1184,credit,Daily Sales Deposit,,Sales Revenue,Checking Account,TX00499,326945
2023-02-19,988,credit,Daily Sales Deposit,,Sales Revenue,Checking Account,TX00500,327933
2023-02-19,185,debit,Coffee Supplier Payment,,COGS,Checking Account,TX00501,327748
2023-02-20,709,credit,Daily Sales Deposit,,Sales Revenue,Checking Account,TX00502,328457
2023-02-21,1029,credit,Daily Sales Deposit,,Sales Revenue,Checking Account,TX00503,329486
2023-02-22,993,credit,Daily Sales Deposit,,Sales Revenue,Checking Account,TX00504,330479
2023-02-23,1002,credit,Daily Sales Deposit,,Sales Revenue,Checking Account,TX00505,331481
2023-02-24,915,credit,Daily Sales Deposit,,Sales Revenue,Checking Account,TX00506,332396
2023-02-25,714,credit,Daily Sales Deposit,,Sales Revenue,Checking Account,TX00507,333110
2023-02-26,960,credit,Daily Sales Deposit,,Sales Revenue,Checking Account,TX00508,334070
2023-02-27,1023,credit,Daily Sales Deposit,,Sales Revenue,Checking Account,TX00509,335093
2023-02-28,829,credit,Daily Sales Deposit,,Sales Revenue,Checking Account,TX00510,335922
2023-02-28,214,debit,Utility Bill Payment,,Operating Expense,Checking Account,TX00511,335708
2023-03-01,691,credit,Daily Sales Deposit,,Sales Revenue,Checking Account,TX00512,336399
2023-03-02,682,credit,Daily Sales Deposit,,Sales Revenue,Checking Account,TX00513,337081
2023-03-03,410,credit,Daily Sales Deposit,,Sales Revenue,Checking Account,TX00514,337491
2023-03-04,759,credit,Daily Sales Deposit,,Sales Revenue,Checking Account,TX00515,338250
2023-03-05,599,credit,Daily Sales Deposit,,Sales Revenue,Checking Account,TX00516,338849
2023-03-06,745,credit,Daily Sales Deposit,,Sales Revenue,Checking Account,TX00517,339594
2023-03-07,795,credit,Daily Sales Deposit,,Sales Revenue,Checking Account,TX00518,340389
2023-03-08,503,credit,Daily Sales Deposit,,Sales Revenue,Checking Account,TX00519,340892
2023-03-09,510,credit,Daily Sales Deposit,,Sales Revenue,Checking Account,TX00520,341402
2023-03-10,570,credit,Daily Sales Deposit,,Sales Revenue,Checking Account,TX00521,341972
2023-03-11,755,credit,Daily Sales Deposit,,Sales Revenue,Checking Account,TX00522,342727
2023-03-12,532,credit,Daily Sales Deposit,,Sales Revenue,Checking Account,TX00523,343259
2023-03-13,727,credit,Daily Sales Deposit,,Sales Revenue,Checking Account,TX00524,343986
2023-03-14,491,credit,Daily Sales Deposit,,Sales Revenue,Checking Account,TX00525,344477
2023-03-15,792,credit,Daily Sales Deposit,,Sales Revenue,Checking Account,TX00526,345269
2023-03-16,428,credit,Daily Sales Deposit,,Sales Revenue,Checking Account,TX00527,345697
2023-03-16,396,debit,Utility Bill Payment,,Operating Expense,Checking Account,TX00528,345301
2023-03-17,656,credit,Daily Sales Deposit,,Sales Revenue,Checking Account,TX00529,345957
2023-03-17,445,debit,Rent Payment,,Operating Expense,Checking Account,TX00530,345512
2023-03-18,581,credit,Daily Sales Deposit,,Sales Revenue,Checking Account,TX00531,346093
2023-03-19,400,credit,Daily Sales Deposit,,Sales Revenue,Checking Account,TX00532,346493
2023-03-20,454,credit,Daily Sales Deposit,,Sales Revenue,Checking Account,TX00533,346947
2023-03-21,798,credit,Daily Sales Deposit,,Sales Revenue,Checking Account,TX00534,347745
2023-03-22,708,credit,Daily Sales Deposit,,Sales Revenue,Checking Account,TX00535,348453
2023-03-23,712,credit,Daily Sales Deposit,,Sales Revenue,Checking Account,TX00536,349165
2023-03-23,390,debit,Rent Payment,,Operating Expense,Checking Account,TX00537,348775
2023-03-24,424,credit,Daily Sales Deposit,,Sales Revenue,Checking Account,TX00538,349199
2023-03-25,693,credit,Daily Sales Deposit,,Sales Revenue,Checking Account,TX00539,349892
2023-03-26,609,credit,Daily Sales Deposit,,Sales Revenue,Checking Account,TX00540,350501
2023-03-27,746,credit,Daily Sales Deposit,,Sales Revenue,Checking Account,TX00541,351247
2023-03-28,763,credit,Daily Sales Deposit,,Sales Revenue,Checking Account,TX00542,352010
2023-03-29,581,credit,Daily Sales Deposit,,Sales Revenue,Checking Account,TX00543,352591
2023-03-29,279,debit,Maintenance Payment,,Operating Expense,Checking Account,TX00544,352312
2023-03-30,743,credit,Daily Sales Deposit,,Sales Revenue,Checking Account,TX00545,353055
2023-03-31,684,credit,Daily Sales Deposit,,Sales Revenue,Checking Account,TX00546,353739
2023-04-01,549,credit,Daily Sales Deposit,,Sales Revenue,Checking Account,TX00547,354288
2023-04-02,769,credit,Daily Sales Deposit,,Sales Revenue,Checking Account,TX00548,355057
2023-04-03,736,credit,Daily Sales Deposit,,Sales Revenue,Checking Account,TX00549,355793
2023-04-04,576,credit,Daily Sales Deposit,,Sales Revenue,Checking Account,TX00550,356369
2023-04-05,741,credit,Daily Sales Deposit,,Sales Revenue,Checking Account,TX00551,357110
2023-04-05,288,debit,Bakery Payment,,COGS,Checking Account,TX00552,356822
2023-04-06,726,credit,Daily Sales Deposit,,Sales Revenue,Checking Account,TX00553,357548
2023-04-07,540,credit,Daily Sales Deposit,,Sales Revenue,Checking Account,TX00554,358088
2023-04-08,778,credit,Daily Sales Deposit,,Sales Revenue,Checking Account,TX00555,358866
2023-04-09,717,credit,Daily Sales Deposit,,Sales Revenue,Checking Account,TX00556,359583
2023-04-10,684,credit,Daily Sales Deposit,,Sales Revenue,Checking Account,TX00557,360267
2023-04-11,685,credit,Daily Sales Deposit,,Sales Revenue,Checking Account,TX00558,360952
2023-04-12,418,credit,Daily Sales Deposit,,Sales Revenue,Checking Account,TX00559,361370
2023-04-12,177,debit,Utility Bill Payment,,Operating Expense,Checking Account,TX00560,361193
2023-04-13,574,credit,Daily Sales Deposit,,Sales Revenue,Checking Account,TX00561,361767
2023-04-14,512,credit,Daily Sales Deposit,,Sales Revenue,Checking Account,TX00562,362279
2023-04-15,565,credit,Daily Sales Deposit,,Sales Revenue,Checking Account,TX00563,362844
2023-04-16,531,credit,Daily Sales Deposit,,Sales Revenue,Checking Account,TX00564,363375
2023-04-16,154,debit,Utility Bill Payment,,Operating Expense,Checking Account,TX00565,363221
2023-04-17,687,credit,Daily Sales Deposit,,Sales Revenue,Checking Account,TX00566,363908
2023-04-18,765,credit,Daily Sales Deposit,,Sales Revenue,Checking Account,TX00567,364673
2023-04-19,486,credit,Daily Sales Deposit,,Sales Revenue,Checking Account,TX00568,365159
2023-04-20,687,credit,Daily Sales Deposit,,Sales Revenue,Checking Account,TX00569,365846
2023-04-21,748,credit,Daily Sales Deposit,,Sales Revenue,Checking Account,TX00570,366594
2023-04-22,712,credit,Daily Sales Deposit,,Sales Revenue,Checking Account,TX00571,367306
2023-04-23,654,credit,Daily Sales Deposit,,Sales Revenue,Checking Account,TX00572,367960
2023-04-23,153,debit,Bakery Payment,,COGS,Checking Account,TX00573,367807
2023-04-24,638,credit,Daily Sales Deposit,,Sales Revenue,Checking Account,TX00574,368445
2023-04-25,450,credit,Daily Sales Deposit,,Sales Revenue,Checking Account,TX00575,368895
2023-04-26,663,credit,Daily Sales Deposit,,Sales Revenue,Checking Account,TX00576,369558
2023-04-26,195,debit,Utility Bill Payment,,Operating Expense,Checking Account,TX00577,369363
2023-04-27,799,credit,Daily Sales Deposit,,Sales Revenue,Checking Account,TX00578,370162
2023-04-28,564,credit,Daily Sales Deposit,,Sales Revenue,Checking Account,TX00579,370726
2023-04-28,497,debit,Coffee Supplier Payment,,COGS,Checking Account,TX00580,370229
2023-04-29,406,credit,Daily Sales Deposit,,Sales Revenue,Checking Account,TX00581,370635
2023-04-30,560,credit,Daily Sales Deposit,,Sales Revenue,Checking Account,TX00582,371195
2023-05-01,546,credit,Daily Sales Deposit,,Sales Revenue,Checking Account,TX00583,371741
2023-05-01,135,debit,Maintenance Payment,,Operating Expense,Checking Account,TX00584,371606
2023-05-02,587,credit,Daily Sales Deposit,,Sales Revenue,Checking Account,TX00585,372193
2023-05-03,784,credit,Daily Sales Deposit,,Sales Revenue,Checking Account,TX00586,372977
2023-05-04,410,credit,Daily Sales Deposit,,Sales Revenue,Checking Account,TX00587,373387
2023-05-05,785,credit,Daily Sales Deposit,,Sales Revenue,Checking Account,TX00588,374172
2023-05-06,518,credit,Daily Sales Deposit,,Sales Revenue,Checking Account,TX00589,374690
2023-05-07,660,credit,Daily Sales Deposit,,Sales Revenue,Checking Account,TX00590,375350
2023-05-08,655,credit,Daily Sales Deposit,,Sales Revenue,Checking Account,TX00591,376005
2023-05-09,625,credit,Daily Sales Deposit,,Sales Revenue,Checking Account,TX00592,376630
2023-05-10,754,credit,Daily Sales Deposit,,Sales Revenue,Checking Account,TX00593,377384
2023-05-11,741,credit,Daily Sales Deposit,,Sales Revenue,Checking Account,TX00594,378125
2023-05-12,480,credit,Daily Sales Deposit,,Sales Revenue,Checking Account,TX00595,378605
2023-05-13,519,credit,Daily Sales Deposit,,Sales Revenue,Checking Account,TX00596,379124
2023-05-14,614,credit,Daily Sales Deposit,,Sales Revenue,Checking Account,TX00597,379738
2023-05-15,608,credit,Daily Sales Deposit,,Sales Revenue,Checking Account,TX00598,380346
2023-05-16,608,credit,Daily Sales Deposit,,Sales Revenue,Checking Account,TX00599,380954
2023-05-17,439,credit,Daily Sales Deposit,,Sales Revenue,Checking Account,TX00600,381393
2023-05-18,680,credit,Daily Sales Deposit,,Sales Revenue,Checking Account,TX00601,382073
2023-05-19,645,credit,Daily Sales Deposit,,Sales Revenue,Checking Account,TX00602,382718
2023-05-20,403,credit,Daily Sales Deposit,,Sales Revenue,Checking Account,TX00603,383121
2023-05-20,128,debit,Maintenance Payment,,Operating Expense,Checking Account,TX00604,382993
2023-05-21,497,credit,Daily Sales Deposit,,Sales Revenue,Checking Account,TX00605,383490
2023-05-22,474,credit,Daily Sales Deposit,,Sales Revenue,Checking Account,TX00606,383964
2023-05-23,527,credit,Daily Sales Deposit,,Sales Revenue,Checking Account,TX00607,384491
2023-05-23,455,debit,Bakery Payment,,COGS,Checking Account,TX00608,384036
2023-05-24,433,credit,Daily Sales Deposit,,Sales Revenue,Checking Account,TX00609,384469
2023-05-25,552,credit,Daily Sales Deposit,,Sales Revenue,Checking Account,TX00610,385021
2023-05-26,475,credit,Daily Sales Deposit,,Sales Revenue,Checking Account,TX00611,385496
2023-05-27,761,credit,Daily Sales Deposit,,Sales Revenue,Checking Account,TX00612,386257
2023-05-27,126,debit,Bakery Payment,,COGS,Checking Account,TX00613,386131
2023-05-28,686,credit,Daily Sales Deposit,,Sales Revenue,Checking Account,TX00614,386817
2023-05-29,567,credit,Daily Sales Deposit,,Sales Revenue,Checking Account,TX00615,387384
2023-05-30,636,credit,Daily Sales Deposit,,Sales Revenue,Checking Account,TX00616,388020
2023-05-31,793,credit,Daily Sales Deposit,,Sales Revenue,Checking Account,TX00617,388813
2023-06-01,589,credit,Daily Sales Deposit,,Sales Revenue,Checking Account,TX00618,389402
2023-06-02,463,credit,Daily Sales Deposit,,Sales Revenue,Checking Account,TX00619,389865
2023-06-03,709,credit,Daily Sales Deposit,,Sales Revenue,Checking Account,TX00620,390574
2023-06-04,706,credit,Daily Sales Deposit,,Sales Revenue,Checking Account,TX00621,391280
2023-06-04,470,debit,Coffee Supplier Payment,,COGS,Checking Account,TX00622,390810
2023-06-05,428,credit,Daily Sales Deposit,,Sales Revenue,Checking Account,TX00623,391238
2023-06-06,695,credit,Daily Sales Deposit,,Sales Revenue,Checking Account,TX00624,391933
2023-06-07,563,credit,Daily Sales Deposit,,Sales Revenue,Checking Account,TX00625,392496
2023-06-08,694,credit,Daily Sales Deposit,,Sales Revenue,Checking Account,TX00626,393190
2023-06-09,709,credit,Daily Sales Deposit,,Sales Revenue,Checking Account,TX00627,393899
2023-06-10,510,credit,Daily Sales Deposit,,Sales Revenue,Checking Account,TX00628,394409
2023-06-11,468,credit,Daily Sales Deposit,,Sales Revenue,Checking Account,TX00629,394877
2023-06-12,649,credit,Daily Sales Deposit,,Sales Revenue,Checking Account,TX00630,395526
2023-06-12,247,debit,Utility Bill Payment,,Operating Expense,Checking Account,TX00631,395279
2023-06-13,626,credit,Daily Sales Deposit,,Sales Revenue,Checking Account,TX00632,395905
2023-06-14,736,credit,Daily Sales Deposit,,Sales Revenue,Checking Account,TX00633,396641
2023-06-15,764,credit,Daily Sales Deposit,,Sales Revenue,Checking Account,TX00634,397405
2023-06-15,300,debit,Coffee Supplier Payment,,COGS,Checking Account,TX00635,397105
2023-06-16,472,credit,Daily Sales Deposit,,Sales Revenue,Checking Account,TX00636,397577
2023-06-16,116,debit,Bakery Payment,,COGS,Checking Account,TX00637,397461
2023-06-17,616,credit,Daily Sales Deposit,,Sales Revenue,Checking Account,TX00638,398077
2023-06-18,503,credit,Daily Sales Deposit,,Sales Revenue,Checking Account,TX00639,398580
2023-06-19,438,credit,Daily Sales Deposit,,Sales Revenue,Checking Account,TX00640,399018
2023-06-19,328,debit,Rent Payment,,Operating Expense,Checking Account,TX00641,398690
2023-06-20,571,credit,Daily Sales Deposit,,Sales Revenue,Checking Account,TX00642,399261
2023-06-21,501,credit,Daily Sales Deposit,,Sales Revenue,Checking Account,TX00643,399762
2023-06-22,674,credit,Daily Sales Deposit,,Sales Revenue,Checking Account,TX00644,400436
2023-06-23,704,credit,Daily Sales Deposit,,Sales Revenue,Checking Account,TX00645,401140
2023-06-23,429,debit,Bakery Payment,,COGS,Checking Account,TX00646,400711
2023-06-24,710,credit,Daily Sales Deposit,,Sales Revenue,Checking Account,TX00647,401421
2023-06-25,411,credit,Daily Sales Deposit,,Sales Revenue,Checking Account,TX00648,401832
2023-06-26,615,credit,Daily Sales Deposit,,Sales Revenue,Checking Account,TX00649,402447
2023-06-27,548,credit,Daily Sales Deposit,,Sales Revenue,Checking Account,TX00650,402995
2023-06-28,773,credit,Daily Sales Deposit,,Sales Revenue,Checking Account,TX00651,403768
2023-06-29,599,credit,Daily Sales Deposit,,Sales Revenue,Checking Account,TX00652,404367
2023-06-30,488,credit,Daily Sales Deposit,,Sales Revenue,Checking Account,TX00653,404855
2023-07-01,558,credit,Daily Sales Deposit,,Sales Revenue,Checking Account,TX00654,405413
2023-07-02,864,credit,Daily Sales Deposit,,Sales Revenue,Checking Account,TX00655,406277
2023-07-03,787,credit,Daily Sales Deposit,,Sales Revenue,Checking Account,TX00656,407064
2023-07-04,698,credit,Daily Sales Deposit,,Sales Revenue,Checking Account,TX00657,407762
2023-07-05,781,credit,Daily Sales Deposit,,Sales Revenue,Checking Account,TX00658,408543
2023-07-06,749,credit,Daily Sales Deposit,,Sales Revenue,Checking Account,TX00659,409292
2023-07-07,834,credit,Daily Sales Deposit,,Sales Revenue,Checking Account,TX00660,410126
2023-07-08,636,credit,Daily Sales Deposit,,Sales Revenue,Checking Account,TX00661,410762
2023-07-08,427,debit,Coffee Supplier Payment,,COGS,Checking Account,TX00662,410335
2023-07-09,814,credit,Daily Sales Deposit,,Sales Revenue,Checking Account,TX00663,411149
2023-07-10,581,credit,Daily Sales Deposit,,Sales Revenue,Checking Account,TX00664,411730
2023-07-11,871,credit,Daily Sales Deposit,,Sales Revenue,Checking Account,TX00665,412601
2023-07-12,901,credit,Daily Sales Deposit,,Sales Revenue,Checking Account,TX00666,413502
2023-07-13,602,credit,Daily Sales Deposit,,Sales Revenue,Checking Account,TX00667,414104
2023-07-13,258,debit,Utility Bill Payment,,Operating Expense,Checking Account,TX00668,413846
2023-07-14,607,credit,Daily Sales Deposit,,Sales Revenue,Checking Account,TX00669,414453
2023-07-14,197,debit,Utility Bill Payment,,Operating Expense,Checking Account,TX00670,414256
2023-07-15,792,credit,Daily Sales Deposit,,Sales Revenue,Checking Account,TX00671,415048
2023-07-16,973,credit,Daily Sales Deposit,,Sales Revenue,Checking Account,TX00672,416021
2023-07-17,863,credit,Daily Sales Deposit,,Sales Revenue,Checking Account,TX00673,416884
2023-07-18,875,credit,Daily Sales Deposit,,Sales Revenue,Checking Account,TX00674,417759
2023-07-19,848,credit,Daily Sales Deposit,,Sales Revenue,Checking Account,TX00675,418607
2023-07-20,896,credit,Daily Sales Deposit,,Sales Revenue,Checking Account,TX00676,419503
2023-07-21,515,credit,Daily Sales Deposit,,Sales Revenue,Checking Account,TX00677,420018
2023-07-22,607,credit,Daily Sales Deposit,,Sales Revenue,Checking Account,TX00678,420625
2023-07-23,810,credit,Daily Sales Deposit,,Sales Revenue,Checking Account,TX00679,421435
2023-07-24,533,credit,Daily Sales Deposit,,Sales Revenue,Checking Account,TX00680,421968
2023-07-24,346,debit,Maintenance Payment,,Operating Expense,Checking Account,TX00681,421622
2023-07-25,640,credit,Daily Sales Deposit,,Sales Revenue,Checking Account,TX00682,422262
2023-07-26,595,credit,Daily Sales Deposit,,Sales Revenue,Checking Account,TX00683,422857
2023-07-27,538,credit,Daily Sales Deposit,,Sales Revenue,Checking Account,TX00684,423395
2023-07-27,128,debit,Bakery Payment,,COGS,Checking Account,TX00685,423267
2023-07-28,976,credit,Daily Sales Deposit,,Sales Revenue,Checking Account,TX00686,424243
2023-07-28,335,debit,Bakery Payment,,COGS,Checking Account,TX00687,423908
2023-07-29,771,credit,Daily Sales Deposit,,Sales Revenue,Checking Account,TX00688,424679
2023-07-30,738,credit,Daily Sales Deposit,,Sales Revenue,Checking Account,TX00689,425417
2023-07-31,913,credit,Daily Sales Deposit,,Sales Revenue,Checking Account,TX00690,426330
2023-08-01,858,credit,Daily Sales Deposit,,Sales Revenue,Checking Account,TX00691,427188
2023-08-02,564,credit,Daily Sales Deposit,,Sales Revenue,Checking Account,TX00692,427752
2023-08-03,502,credit,Daily Sales Deposit,,Sales Revenue,Checking Account,TX00693,428254
2023-08-04,875,credit,Daily Sales Deposit,,Sales Revenue,Checking Account,TX00694,429129
2023-08-05,823,credit,Daily Sales Deposit,,Sales Revenue,Checking Account,TX00695,429952
2023-08-06,792,credit,Daily Sales Deposit,,Sales Revenue,Checking Account,TX00696,430744
2023-08-06,292,debit,Maintenance Payment,,Operating Expense,Checking Account,TX00697,430452
2023-08-07,993,credit,Daily Sales Deposit,,Sales Revenue,Checking Account,TX00698,431445
2023-08-07,498,debit,Bakery Payment,,COGS,Checking Account,TX00699,430947
2023-08-08,876,credit,Daily Sales Deposit,,Sales Revenue,Checking Account,TX00700,431823
2023-08-09,639,credit,Daily Sales Deposit,,Sales Revenue,Checking Account,TX00701,432462
2023-08-10,792,credit,Daily Sales Deposit,,Sales Revenue,Checking Account,TX00702,433254
2023-08-11,926,credit,Daily Sales Deposit,,Sales Revenue,Checking Account,TX00703,434180
2023-08-12,794,credit,Daily Sales Deposit,,Sales Revenue,Checking Account,TX00704,434974
2023-08-13,801,credit,Daily Sales Deposit,,Sales Revenue,Checking Account,TX00705,435775
2023-08-14,561,credit,Daily Sales Deposit,,Sales Revenue,Checking Account,TX00706,436336
2023-08-15,652,credit,Daily Sales Deposit,,Sales Revenue,Checking Account,TX00707,436988
2023-08-16,759,credit,Daily Sales Deposit,,Sales Revenue,Checking Account,TX00708,437747
2023-08-17,647,credit,Daily Sales Deposit,,Sales Revenue,Checking Account,TX00709,438394
2023-08-18,809,credit,Daily Sales Deposit,,Sales Revenue,Checking Account,TX00710,439203
2023-08-19,992,credit,Daily Sales Deposit,,Sales Revenue,Checking Account,TX00711,440195
2023-08-19,206,debit,Coffee Supplier Payment,,COGS,Checking Account,TX00712,439989
2023-08-20,812,credit,Daily Sales Deposit,,Sales Revenue,Checking Account,TX00713,440801
2023-08-21,740,credit,Daily Sales Deposit,,Sales Revenue,Checking Account,TX00714,441541
2023-08-22,875,credit,Daily Sales Deposit,,Sales Revenue,Checking Account,TX00715,442416
2023-08-23,760,credit,Daily Sales Deposit,,Sales Revenue,Checking Account,TX00716,443176
2023-08-24,714,credit,Daily Sales Deposit,,Sales Revenue,Checking Account,TX00717,443890
2023-08-25,598,credit,Daily Sales Deposit,,Sales Revenue,Checking Account,TX00718,444488
2023-08-26,740,credit,Daily Sales Deposit,,Sales Revenue,Checking Account,TX00719,445228
2023-08-26,277,debit,Coffee Supplier Payment,,COGS,Checking Account,TX00720,444951
2023-08-27,561,credit,Daily Sales Deposit,,Sales Revenue,Checking Account,TX00721,445512
2023-08-28,502,credit,Daily Sales Deposit,,Sales Revenue,Checking Account,TX00722,446014
2023-08-29,985,credit,Daily Sales Deposit,,Sales Revenue,Checking Account,TX00723,446999
2023-08-30,880,credit,Daily Sales Deposit,,Sales Revenue,Checking Account,TX00724,447879
2023-08-31,828,credit,Daily Sales Deposit,,Sales Revenue,Checking Account,TX00725,448707
2023-09-01,1056,credit,Daily Sales Deposit,,Sales Revenue,Checking Account,TX00726,449763
2023-09-01,204,debit,Utility Bill Payment,,Operating Expense,Checking Account,TX00727,449559
2023-09-02,822,credit,Daily Sales Deposit,,Sales Revenue,Checking Account,TX00728,450381
2023-09-02,236,debit,Utility Bill Payment,,Operating Expense,Checking Account,TX00729,450145
2023-09-03,1108,credit,Daily Sales Deposit,,Sales Revenue,Checking Account,TX00730,451253
2023-09-04,869,credit,Daily Sales Deposit,,Sales Revenue,Checking Account,TX00731,452122
2023-09-05,739,credit,Daily Sales Deposit,,Sales Revenue,Checking Account,TX00732,452861
2023-09-06,1094,credit,Daily Sales Deposit,,Sales Revenue,Checking Account,TX00733,453955
2023-09-06,223,debit,Utility Bill Payment,,Operating Expense,Checking Account,TX00734,453732
2023-09-07,1088,credit,Daily Sales Deposit,,Sales Revenue,Checking Account,TX00735,454820
2023-09-07,136,debit,Rent Payment,,Operating Expense,Checking Account,TX00736,454684
2023-09-08,875,credit,Daily Sales Deposit,,Sales Revenue,Checking Account,TX00737,455559
2023-09-09,1152,credit,Daily Sales Deposit,,Sales Revenue,Checking Account,TX00738,456711
2023-09-10,813,credit,Daily Sales Deposit,,Sales Revenue,Checking Account,TX00739,457524
2023-09-11,923,credit,Daily Sales Deposit,,Sales Revenue,Checking Account,TX00740,458447
2023-09-12,814,credit,Daily Sales Deposit,,Sales Revenue,Checking Account,TX00741,459261
2023-09-13,755,credit,Daily Sales Deposit,,Sales Revenue,Checking Account,TX00742,460016
2023-09-14,739,credit,Daily Sales Deposit,,Sales Revenue,Checking Account,TX00743,460755
2023-09-15,936,credit,Daily Sales Deposit,,Sales Revenue,Checking Account,TX00744,461691
2023-09-16,915,credit,Daily Sales Deposit,,Sales Revenue,Checking Account,TX00745,462606
2023-09-17,867,credit,Daily Sales Deposit,,Sales Revenue,Checking Account,TX00746,463473
2023-09-18,758,credit,Daily Sales Deposit,,Sales Revenue,Checking Account,TX00747,464231
2023-09-19,868,credit,Daily Sales Deposit,,Sales Revenue,Checking Account,TX00748,465099
2023-09-20,744,credit,Daily Sales Deposit,,Sales Revenue,Checking Account,TX00749,465843
2023-09-21,869,credit,Daily Sales Deposit,,Sales Revenue,Checking Account,TX00750,466712
2023-09-21,254,debit,Rent Payment,,Operating Expense,Checking Account,TX00751,466458
2023-09-22,706,credit,Daily Sales Deposit,,Sales Revenue,Checking Account,TX00752,467164
2023-09-23,744,credit,Daily Sales Deposit,,Sales Revenue,Checking Account,TX00753,467908
2023-09-24,1198,credit,Daily Sales Deposit,,Sales Revenue,Checking Account,TX00754,469106
2023-09-25,1125,credit,Daily Sales Deposit,,Sales Revenue,Checking Account,TX00755,470231
2023-09-25,462,debit,Maintenance Payment,,Operating Expense,Checking Account,TX00756,469769
2023-09-26,857,credit,Daily Sales Deposit,,Sales Revenue,Checking Account,TX00757,470626
2023-09-27,781,credit,Daily Sales Deposit,,Sales Revenue,Checking Account,TX00758,471407
2023-09-28,905,credit,Daily Sales Deposit,,Sales Revenue,Checking Account,TX00759,472312
2023-09-29,711,credit,Daily Sales Deposit,,Sales Revenue,Checking Account,TX00760,473023
2023-09-29,323,debit,Maintenance Payment,,Operating Expense,Checking Account,TX00761,472700
2023-09-30,745,credit,Daily Sales Deposit,,Sales Revenue,Checking Account,TX00762,473445
2023-10-01,932,credit,Daily Sales Deposit,,Sales Revenue,Checking Account,TX00763,474377
2023-10-02,922,credit,Daily Sales Deposit,,Sales Revenue,Checking Account,TX00764,475299
2023-10-03,1147,credit,Daily Sales Deposit,,Sales Revenue,Checking Account,TX00765,476446
2023-10-04,862,credit,Daily Sales Deposit,,Sales Revenue,Checking Account,TX00766,477308
2023-10-04,173,debit,Bakery Payment,,COGS,Checking Account,TX00767,477135
2023-10-05,923,credit,Daily Sales Deposit,,Sales Revenue,Checking Account,TX00768,478058
2023-10-06,1111,credit,Daily Sales Deposit,,Sales Revenue,Checking Account,TX00769,479169
2023-10-07,921,credit,Daily Sales Deposit,,Sales Revenue,Checking Account,TX00770,480090
2023-10-08,977,credit,Daily Sales Deposit,,Sales Revenue,Checking Account,TX00771,481067
2023-10-09,1051,credit,Daily Sales Deposit,,Sales Revenue,Checking Account,TX00772,482118
2023-10-10,1023,credit,Daily Sales Deposit,,Sales Revenue,Checking Account,TX00773,483141
2023-10-11,716,credit,Daily Sales Deposit,,Sales Revenue,Checking Account,TX00774,483857
2023-10-12,1100,credit,Daily Sales Deposit,,Sales Revenue,Checking Account,TX00775,484957
2023-10-13,892,credit,Daily Sales Deposit,,Sales Revenue,Checking Account,TX00776,485849
2023-10-13,219,debit,Utility Bill Payment,,Operating Expense,Checking Account,TX00777,485630
2023-10-14,909,credit,Daily Sales Deposit,,Sales Revenue,Checking Account,TX00778,486539
2023-10-15,891,credit,Daily Sales Deposit,,Sales Revenue,Checking Account,TX00779,487430
2023-10-16,903,credit,Daily Sales Deposit,,Sales Revenue,Checking Account,TX00780,488333
2023-10-17,926,credit,Daily Sales Deposit,,Sales Revenue,Checking Account,TX00781,489259
2023-10-18,1159,credit,Daily Sales Deposit,,Sales Revenue,Checking Account,TX00782,490418
2023-10-18,494,debit,Bakery Payment,,COGS,Checking Account,TX00783,489924
2023-10-19,833,credit,Daily Sales Deposit,,Sales Revenue,Checking Account,TX00784,490757
2023-10-20,1115,credit,Daily Sales Deposit,,Sales Revenue,Checking Account,TX00785,491872
2023-10-21,757,credit,Daily Sales Deposit,,Sales Revenue,Checking Account,TX00786,492629
2023-10-21,325,debit,Maintenance Payment,,Operating Expense,Checking Account,TX00787,492304
2023-10-22,703,credit,Daily Sales Deposit,,Sales Revenue,Checking Account,TX00788,493007
2023-10-23,1096,credit,Daily Sales Deposit,,Sales Revenue,Checking Account,TX00789,494103
2023-10-24,970,credit,Daily Sales Deposit,,Sales Revenue,Checking Account,TX00790,495073
2023-10-25,856,credit,Daily Sales Deposit,,Sales Revenue,Checking Account,TX00791,495929
2023-10-26,987,credit,Daily Sales Deposit,,Sales Revenue,Checking Account,TX00792,496916
2023-10-26,183,debit,Utility Bill Payment,,Operating Expense,Checking Account,TX00793,496733
2023-10-27,726,credit,Daily Sales Deposit,,Sales Revenue,Checking Account,TX00794,497459
2023-10-28,1081,credit,Daily Sales Deposit,,Sales Revenue,Checking Account,TX00795,498540
2023-10-28,191,debit,Maintenance Payment,,Operating Expense,Checking Account,TX00796,498349
2023-10-29,720,credit,Daily Sales Deposit,,Sales Revenue,Checking Account,TX00797,499069
2023-10-30,1056,credit,Daily Sales Deposit,,Sales Revenue,Checking Account,TX00798,500125
2023-10-31,961,credit,Daily Sales Deposit,,Sales Revenue,Checking Account,TX00799,501086
2023-11-01,1152,credit,Daily Sales Deposit,,Sales Revenue,Checking Account,TX00800,502238
2023-11-02,956,credit,Daily Sales Deposit,,Sales Revenue,Checking Account,TX00801,503194
2023-11-03,1121,credit,Daily Sales Deposit,,Sales Revenue,Checking Account,TX00802,504315
2023-11-04,1144,credit,Daily Sales Deposit,,Sales Revenue,Checking Account,TX00803,505459
2023-11-05,1196,credit,Daily Sales Deposit,,Sales Revenue,Checking Account,TX00804,506655
2023-11-06,711,credit,Daily Sales Deposit,,Sales Revenue,Checking Account,TX00805,507366
2023-11-07,1191,credit,Daily Sales Deposit,,Sales Revenue,Checking Account,TX00806,508557
2023-11-08,771,credit,Daily Sales Deposit,,Sales Revenue,Checking Account,TX00807,509328
2023-11-08,244,debit,Maintenance Payment,,Operating Expense,Checking Account,TX00808,509084
2023-11-09,1008,credit,Daily Sales Deposit,,Sales Revenue,Checking Account,TX00809,510092
2023-11-09,126,debit,Coffee Supplier Payment,,COGS,Checking Account,TX00810,509966
2023-11-10,1199,credit,Daily Sales Deposit,,Sales Revenue,Checking Account,TX00811,511165
2023-11-10,448,debit,Rent Payment,,Operating Expense,Checking Account,TX00812,510717
2023-11-11,880,credit,Daily Sales Deposit,,Sales Revenue,Checking Account,TX00813,511597
2023-11-12,1077,credit,Daily Sales Deposit,,Sales Revenue,Checking Account,TX00814,512674
2023-11-13,745,credit,Daily Sales Deposit,,Sales Revenue,Checking Account,TX00815,513419
2023-11-14,921,credit,Daily Sales Deposit,,Sales Revenue,Checking Account,TX00816,514340
2023-11-14,372,debit,Rent Payment,,Operating Expense,Checking Account,TX00817,513968
2023-11-15,1039,credit,Daily Sales Deposit,,Sales Revenue,Checking Account,TX00818,515007
2023-11-16,865,credit,Daily Sales Deposit,,Sales Revenue,Checking Account,TX00819,515872
2023-11-17,1143,credit,Daily Sales Deposit,,Sales Revenue,Checking Account,TX00820,517015
2023-11-17,216,debit,Coffee Supplier Payment,,COGS,Checking Account,TX00821,516799
2023-11-18,1043,credit,Daily Sales Deposit,,Sales Revenue,Checking Account,TX00822,517842
2023-11-19,763,credit,Daily Sales Deposit,,Sales Revenue,Checking Account,TX00823,518605
2023-11-20,771,credit,Daily Sales Deposit,,Sales Revenue,Checking Account,TX00824,519376
2023-11-21,1177,credit,Daily Sales Deposit,,Sales Revenue,Checking Account,TX00825,520553
2023-11-22,1065,credit,Daily Sales Deposit,,Sales Revenue,Checking Account,TX00826,521618
2023-11-23,865,credit,Daily Sales Deposit,,Sales Revenue,Checking Account,TX00827,522483
2023-11-24,1000,credit,Daily Sales Deposit,,Sales Revenue,Checking Account,TX00828,523483
2023-11-25,801,credit,Daily Sales Deposit,,Sales Revenue,Checking Account,TX00829,524284
2023-11-26,966,credit,Daily Sales Deposit,,Sales Revenue,Checking Account,TX00830,525250
2023-11-27,787,credit,Daily Sales Deposit,,Sales Revenue,Checking Account,TX00831,526037
2023-11-27,175,debit,Bakery Payment,,COGS,Checking Account,TX00832,525862
2023-11-28,745,credit,Daily Sales Deposit,,Sales Revenue,Checking Account,TX00833,526607
2023-11-28,179,debit,Rent Payment,,Operating Expense,Checking Account,TX00834,526428
2023-11-29,847,credit,Daily Sales Deposit,,Sales Revenue,Checking Account,TX00835,527275
2023-11-30,1123,credit,Daily Sales Deposit,,Sales Revenue,Checking Account,TX00836,528398
2023-11-30,452,debit,Coffee Supplier Payment,,COGS,Checking Account,TX00837,527946
2023-12-01,924,credit,Daily Sales Deposit,,Sales Revenue,Checking Account,TX00838,528870
2023-12-01,176,debit,Rent Payment,,Operating Expense,Checking Account,TX00839,528694
2023-12-02,853,credit,Daily Sales Deposit,,Sales Revenue,Checking Account,TX00840,529547
2023-12-03,893,credit,Daily Sales Deposit,,Sales Revenue,Checking Account,TX00841,530440
2023-12-04,789,credit,Daily Sales Deposit,,Sales Revenue,Checking Account,TX00842,531229
2023-12-05,1197,credit,Daily Sales Deposit,,Sales Revenue,Checking Account,TX00843,532426
2023-12-06,805,credit,Daily Sales Deposit,,Sales Revenue,Checking Account,TX00844,533231
2023-12-06,404,debit,Utility Bill Payment,,Operating Expense,Checking Account,TX00845,532827
2023-12-07,1016,credit,Daily Sales Deposit,,Sales Revenue,Checking Account,TX00846,533843
2023-12-08,1089,credit,Daily Sales Deposit,,Sales Revenue,Checking Account,TX00847,534932
2023-12-09,772,credit,Daily Sales Deposit,,Sales Revenue,Checking Account,TX00848,535704
2023-12-09,140,debit,Coffee Supplier Payment,,COGS,Checking Account,TX00849,535564
2023-12-10,903,credit,Daily Sales Deposit,,Sales Revenue,Checking Account,TX00850,536467
2023-12-11,877,credit,Daily Sales Deposit,,Sales Revenue,Checking Account,TX00851,537344
2023-12-12,783,credit,Daily Sales Deposit,,Sales Revenue,Checking Account,TX00852,538127
2023-12-13,950,credit,Daily Sales Deposit,,Sales Revenue,Checking Account,TX00853,539077
2023-12-14,1158,credit,Daily Sales Deposit,,Sales Revenue,Checking Account,TX00854,540235
2023-12-15,1087,credit,Daily Sales Deposit,,Sales Revenue,Checking Account,TX00855,541322
2023-12-16,721,credit,Daily Sales Deposit,,Sales Revenue,Checking Account,TX00856,542043
2023-12-17,702,credit,Daily Sales Deposit,,Sales Revenue,Checking Account,TX00857,542745
2023-12-17,287,debit,Coffee Supplier Payment,,COGS,Checking Account,TX00858,542458
2023-12-18,713,credit,Daily Sales Deposit,,Sales Revenue,Checking Account,TX00859,543171
2023-12-18,111,debit,Rent Payment,,Operating Expense,Checking Account,TX00860,543060
2023-12-19,1096,credit,Daily Sales Deposit,,Sales Revenue,Checking Account,TX00861,544156
2023-12-20,942,credit,Daily Sales Deposit,,Sales Revenue,Checking Account,TX00862,545098
2023-12-21,754,credit,Daily Sales Deposit,,Sales Revenue,Checking Account,TX00863,545852
2023-12-22,872,credit,Daily Sales Deposit,,Sales Revenue,Checking Account,TX00864,546724
2023-12-22,218,debit,Maintenance Payment,,Operating Expense,Checking Account,TX00865,546506
2023-12-23,882,credit,Daily Sales Deposit,,Sales Revenue,Checking Account,TX00866,547388
2023-12-23,399,debit,Coffee Supplier Payment,,COGS,Checking Account,TX00867,546989
2023-12-24,1153,credit,Daily Sales Deposit,,Sales Revenue,Checking Account,TX00868,548142
2023-12-25,849,credit,Daily Sales Deposit,,Sales Revenue,Checking Account,TX00869,548991
2023-12-26,1011,credit,Daily Sales Deposit,,Sales Revenue,Checking Account,TX00870,550002
2023-12-27,830,credit,Daily Sales Deposit,,Sales Revenue,Checking Account,TX00871,550832
2023-12-27,342,debit,Utility Bill Payment,,Operating Expense,Checking Account,TX00872,550490
2023-12-28,1144,credit,Daily Sales Deposit,,Sales Revenue,Checking Account,TX00873,551634
2023-12-28,306,debit,Bakery Payment,,COGS,Checking Account,TX00874,551328
2023-12-29,1090,credit,Daily Sales Deposit,,Sales Revenue,Checking Account,TX00875,552418
2023-12-30,1049,credit,Daily Sales Deposit,,Sales Revenue,Checking Account,TX00876,553467
2023-12-31,1141,credit,Daily Sales Deposit,,Sales Revenue,Checking Account,TX00877,554608
